port,TCP,TCPflag,UDP
1,Filtrado,none,Abierto | Filtrado
2,Filtrado,none,Abierto | Filtrado
3,Filtrado,none,Abierto | Filtrado
4,Filtrado,none,Abierto | Filtrado
5,Filtrado,none,Abierto | Filtrado
6,Filtrado,none,Abierto | Filtrado
7,Filtrado,none,Abierto | Filtrado
8,Filtrado,none,Abierto | Filtrado
9,Filtrado,none,Abierto | Filtrado
10,Filtrado,none,Abierto | Filtrado
11,Filtrado,none,Abierto | Filtrado
12,Filtrado,none,Abierto | Filtrado
13,Filtrado,none,Abierto | Filtrado
14,Filtrado,none,Abierto | Filtrado
15,Filtrado,none,Abierto | Filtrado
16,Filtrado,none,Abierto | Filtrado
17,Filtrado,none,Abierto | Filtrado
18,Filtrado,none,Abierto | Filtrado
19,Filtrado,none,Abierto | Filtrado
20,Filtrado,none,Abierto | Filtrado
21,Filtrado,none,Abierto | Filtrado
22,Filtrado,none,Abierto | Filtrado
23,Filtrado,none,Abierto | Filtrado
24,Filtrado,none,Abierto | Filtrado
25,Filtrado,none,Abierto | Filtrado
26,Filtrado,none,Abierto | Filtrado
27,Filtrado,none,Abierto | Filtrado
28,Filtrado,none,Abierto | Filtrado
29,Filtrado,none,Abierto | Filtrado
30,Filtrado,none,Abierto | Filtrado
31,Filtrado,none,Abierto | Filtrado
32,Filtrado,none,Abierto | Filtrado
33,Filtrado,none,Abierto | Filtrado
34,Filtrado,none,Abierto | Filtrado
35,Filtrado,none,Abierto | Filtrado
36,Filtrado,none,Abierto | Filtrado
37,Filtrado,none,Abierto | Filtrado
38,Filtrado,none,Abierto | Filtrado
39,Filtrado,none,Abierto | Filtrado
40,Filtrado,none,Abierto | Filtrado
41,Filtrado,none,Abierto | Filtrado
42,Filtrado,none,Abierto | Filtrado
43,Filtrado,none,Abierto | Filtrado
44,Filtrado,none,Abierto | Filtrado
45,Filtrado,none,Abierto | Filtrado
46,Filtrado,none,Abierto | Filtrado
47,Filtrado,none,Abierto | Filtrado
48,Filtrado,none,Abierto | Filtrado
49,Filtrado,none,Abierto | Filtrado
50,Filtrado,none,Abierto | Filtrado
51,Filtrado,none,Abierto | Filtrado
52,Filtrado,none,Abierto | Filtrado
53,Abierto,SA,Abierto | Filtrado
54,Filtrado,none,Abierto | Filtrado
55,Filtrado,none,Abierto | Filtrado
56,Filtrado,none,Abierto | Filtrado
57,Filtrado,none,Abierto | Filtrado
58,Filtrado,none,Abierto | Filtrado
59,Filtrado,none,Abierto | Filtrado
60,Filtrado,none,Abierto | Filtrado
61,Filtrado,none,Abierto | Filtrado
62,Filtrado,none,Abierto | Filtrado
63,Filtrado,none,Abierto | Filtrado
64,Filtrado,none,Abierto | Filtrado
65,Filtrado,none,Abierto | Filtrado
66,Filtrado,none,Abierto | Filtrado
67,Filtrado,none,Abierto | Filtrado
68,Filtrado,none,Abierto | Filtrado
69,Filtrado,none,Abierto | Filtrado
70,Filtrado,none,Abierto | Filtrado
71,Filtrado,none,Abierto | Filtrado
72,Filtrado,none,Abierto | Filtrado
73,Filtrado,none,Abierto | Filtrado
74,Filtrado,none,Abierto | Filtrado
75,Filtrado,none,Abierto | Filtrado
76,Filtrado,none,Abierto | Filtrado
77,Filtrado,none,Abierto | Filtrado
78,Filtrado,none,Abierto | Filtrado
79,Filtrado,none,Abierto | Filtrado
80,Filtrado,none,Abierto | Filtrado
81,Filtrado,none,Abierto | Filtrado
82,Filtrado,none,Abierto | Filtrado
83,Filtrado,none,Abierto | Filtrado
84,Filtrado,none,Abierto | Filtrado
85,Filtrado,none,Abierto | Filtrado
86,Filtrado,none,Abierto | Filtrado
87,Filtrado,none,Abierto | Filtrado
88,Filtrado,none,Abierto | Filtrado
89,Filtrado,none,Abierto | Filtrado
90,Filtrado,none,Abierto | Filtrado
91,Filtrado,none,Abierto | Filtrado
92,Filtrado,none,Abierto | Filtrado
93,Filtrado,none,Abierto | Filtrado
94,Filtrado,none,Abierto | Filtrado
95,Filtrado,none,Abierto | Filtrado
96,Filtrado,none,Abierto | Filtrado
97,Filtrado,none,Abierto | Filtrado
98,Filtrado,none,Abierto | Filtrado
99,Filtrado,none,Abierto | Filtrado
100,Filtrado,none,Abierto | Filtrado
101,Filtrado,none,Abierto | Filtrado
102,Filtrado,none,Abierto | Filtrado
103,Filtrado,none,Abierto | Filtrado
104,Filtrado,none,Abierto | Filtrado
105,Filtrado,none,Abierto | Filtrado
106,Filtrado,none,Abierto | Filtrado
107,Filtrado,none,Abierto | Filtrado
108,Filtrado,none,Abierto | Filtrado
109,Filtrado,none,Abierto | Filtrado
110,Filtrado,none,Abierto | Filtrado
111,Filtrado,none,Abierto | Filtrado
112,Filtrado,none,Abierto | Filtrado
113,Filtrado,none,Abierto | Filtrado
114,Filtrado,none,Abierto | Filtrado
115,Filtrado,none,Abierto | Filtrado
116,Filtrado,none,Abierto | Filtrado
117,Filtrado,none,Abierto | Filtrado
118,Filtrado,none,Abierto | Filtrado
119,Filtrado,none,Abierto | Filtrado
120,Filtrado,none,Abierto | Filtrado
121,Filtrado,none,Abierto | Filtrado
122,Filtrado,none,Abierto | Filtrado
123,Filtrado,none,Abierto | Filtrado
124,Filtrado,none,Abierto | Filtrado
125,Filtrado,none,Abierto | Filtrado
126,Filtrado,none,Abierto | Filtrado
127,Filtrado,none,Abierto | Filtrado
128,Filtrado,none,Abierto | Filtrado
129,Filtrado,none,Abierto | Filtrado
130,Filtrado,none,Abierto | Filtrado
131,Filtrado,none,Abierto | Filtrado
132,Filtrado,none,Abierto | Filtrado
133,Filtrado,none,Abierto | Filtrado
134,Filtrado,none,Abierto | Filtrado
135,Filtrado,none,Abierto | Filtrado
136,Filtrado,none,Abierto | Filtrado
137,Filtrado,none,Abierto | Filtrado
138,Filtrado,none,Abierto | Filtrado
139,Filtrado,none,Abierto | Filtrado
140,Filtrado,none,Abierto | Filtrado
141,Filtrado,none,Abierto | Filtrado
142,Filtrado,none,Abierto | Filtrado
143,Filtrado,none,Abierto | Filtrado
144,Filtrado,none,Abierto | Filtrado
145,Filtrado,none,Abierto | Filtrado
146,Filtrado,none,Abierto | Filtrado
147,Filtrado,none,Abierto | Filtrado
148,Filtrado,none,Abierto | Filtrado
149,Filtrado,none,Abierto | Filtrado
150,Filtrado,none,Abierto | Filtrado
151,Filtrado,none,Abierto | Filtrado
152,Filtrado,none,Abierto | Filtrado
153,Filtrado,none,Abierto | Filtrado
154,Filtrado,none,Abierto | Filtrado
155,Filtrado,none,Abierto | Filtrado
156,Filtrado,none,Abierto | Filtrado
157,Filtrado,none,Abierto | Filtrado
158,Filtrado,none,Abierto | Filtrado
159,Filtrado,none,Abierto | Filtrado
160,Filtrado,none,Abierto | Filtrado
161,Filtrado,none,Abierto | Filtrado
162,Filtrado,none,Abierto | Filtrado
163,Filtrado,none,Abierto | Filtrado
164,Filtrado,none,Abierto | Filtrado
165,Filtrado,none,Abierto | Filtrado
166,Filtrado,none,Abierto | Filtrado
167,Filtrado,none,Abierto | Filtrado
168,Filtrado,none,Abierto | Filtrado
169,Filtrado,none,Abierto | Filtrado
170,Filtrado,none,Abierto | Filtrado
171,Filtrado,none,Abierto | Filtrado
172,Filtrado,none,Abierto | Filtrado
173,Filtrado,none,Abierto | Filtrado
174,Filtrado,none,Abierto | Filtrado
175,Filtrado,none,Abierto | Filtrado
176,Filtrado,none,Abierto | Filtrado
177,Filtrado,none,Abierto | Filtrado
178,Filtrado,none,Abierto | Filtrado
179,Filtrado,none,Abierto | Filtrado
180,Filtrado,none,Abierto | Filtrado
181,Filtrado,none,Abierto | Filtrado
182,Filtrado,none,Abierto | Filtrado
183,Filtrado,none,Abierto | Filtrado
184,Filtrado,none,Abierto | Filtrado
185,Filtrado,none,Abierto | Filtrado
186,Filtrado,none,Abierto | Filtrado
187,Filtrado,none,Abierto | Filtrado
188,Filtrado,none,Abierto | Filtrado
189,Filtrado,none,Abierto | Filtrado
190,Filtrado,none,Abierto | Filtrado
191,Filtrado,none,Abierto | Filtrado
192,Filtrado,none,Abierto | Filtrado
193,Filtrado,none,Abierto | Filtrado
194,Filtrado,none,Abierto | Filtrado
195,Filtrado,none,Abierto | Filtrado
196,Filtrado,none,Abierto | Filtrado
197,Filtrado,none,Abierto | Filtrado
198,Filtrado,none,Abierto | Filtrado
199,Filtrado,none,Abierto | Filtrado
200,Filtrado,none,Abierto | Filtrado
201,Filtrado,none,Abierto | Filtrado
202,Filtrado,none,Abierto | Filtrado
203,Filtrado,none,Abierto | Filtrado
204,Filtrado,none,Abierto | Filtrado
205,Filtrado,none,Abierto | Filtrado
206,Filtrado,none,Abierto | Filtrado
207,Filtrado,none,Abierto | Filtrado
208,Filtrado,none,Abierto | Filtrado
209,Filtrado,none,Abierto | Filtrado
210,Filtrado,none,Abierto | Filtrado
211,Filtrado,none,Abierto | Filtrado
212,Filtrado,none,Abierto | Filtrado
213,Filtrado,none,Abierto | Filtrado
214,Filtrado,none,Abierto | Filtrado
215,Filtrado,none,Abierto | Filtrado
216,Filtrado,none,Abierto | Filtrado
217,Filtrado,none,Abierto | Filtrado
218,Filtrado,none,Abierto | Filtrado
219,Filtrado,none,Abierto | Filtrado
220,Filtrado,none,Abierto | Filtrado
221,Filtrado,none,Abierto | Filtrado
222,Filtrado,none,Abierto | Filtrado
223,Filtrado,none,Abierto | Filtrado
224,Filtrado,none,Abierto | Filtrado
225,Filtrado,none,Abierto | Filtrado
226,Filtrado,none,Abierto | Filtrado
227,Filtrado,none,Abierto | Filtrado
228,Filtrado,none,Abierto | Filtrado
229,Filtrado,none,Abierto | Filtrado
230,Filtrado,none,Abierto | Filtrado
231,Filtrado,none,Abierto | Filtrado
232,Filtrado,none,Abierto | Filtrado
233,Filtrado,none,Abierto | Filtrado
234,Filtrado,none,Abierto | Filtrado
235,Filtrado,none,Abierto | Filtrado
236,Filtrado,none,Abierto | Filtrado
237,Filtrado,none,Abierto | Filtrado
238,Filtrado,none,Abierto | Filtrado
239,Filtrado,none,Abierto | Filtrado
240,Filtrado,none,Abierto | Filtrado
241,Filtrado,none,Abierto | Filtrado
242,Filtrado,none,Abierto | Filtrado
243,Filtrado,none,Abierto | Filtrado
244,Filtrado,none,Abierto | Filtrado
245,Filtrado,none,Abierto | Filtrado
246,Filtrado,none,Abierto | Filtrado
247,Filtrado,none,Abierto | Filtrado
248,Filtrado,none,Abierto | Filtrado
249,Filtrado,none,Abierto | Filtrado
250,Filtrado,none,Abierto | Filtrado
251,Filtrado,none,Abierto | Filtrado
252,Filtrado,none,Abierto | Filtrado
253,Filtrado,none,Abierto | Filtrado
254,Filtrado,none,Abierto | Filtrado
255,Filtrado,none,Abierto | Filtrado
256,Filtrado,none,Abierto | Filtrado
257,Filtrado,none,Abierto | Filtrado
258,Filtrado,none,Abierto | Filtrado
259,Filtrado,none,Abierto | Filtrado
260,Filtrado,none,Abierto | Filtrado
261,Filtrado,none,Abierto | Filtrado
262,Filtrado,none,Abierto | Filtrado
263,Filtrado,none,Abierto | Filtrado
264,Filtrado,none,Abierto | Filtrado
265,Filtrado,none,Abierto | Filtrado
266,Filtrado,none,Abierto | Filtrado
267,Filtrado,none,Abierto | Filtrado
268,Filtrado,none,Abierto | Filtrado
269,Filtrado,none,Abierto | Filtrado
270,Filtrado,none,Abierto | Filtrado
271,Filtrado,none,Abierto | Filtrado
272,Filtrado,none,Abierto | Filtrado
273,Filtrado,none,Abierto | Filtrado
274,Filtrado,none,Abierto | Filtrado
275,Filtrado,none,Abierto | Filtrado
276,Filtrado,none,Abierto | Filtrado
277,Filtrado,none,Abierto | Filtrado
278,Filtrado,none,Abierto | Filtrado
279,Filtrado,none,Abierto | Filtrado
280,Filtrado,none,Abierto | Filtrado
281,Filtrado,none,Abierto | Filtrado
282,Filtrado,none,Abierto | Filtrado
283,Filtrado,none,Abierto | Filtrado
284,Filtrado,none,Abierto | Filtrado
285,Filtrado,none,Abierto | Filtrado
286,Filtrado,none,Abierto | Filtrado
287,Filtrado,none,Abierto | Filtrado
288,Filtrado,none,Abierto | Filtrado
289,Filtrado,none,Abierto | Filtrado
290,Filtrado,none,Abierto | Filtrado
291,Filtrado,none,Abierto | Filtrado
292,Filtrado,none,Abierto | Filtrado
293,Filtrado,none,Abierto | Filtrado
294,Filtrado,none,Abierto | Filtrado
295,Filtrado,none,Abierto | Filtrado
296,Filtrado,none,Abierto | Filtrado
297,Filtrado,none,Abierto | Filtrado
298,Filtrado,none,Abierto | Filtrado
299,Filtrado,none,Abierto | Filtrado
300,Filtrado,none,Abierto | Filtrado
301,Filtrado,none,Abierto | Filtrado
302,Filtrado,none,Abierto | Filtrado
303,Filtrado,none,Abierto | Filtrado
304,Filtrado,none,Abierto | Filtrado
305,Filtrado,none,Abierto | Filtrado
306,Filtrado,none,Abierto | Filtrado
307,Filtrado,none,Abierto | Filtrado
308,Filtrado,none,Abierto | Filtrado
309,Filtrado,none,Abierto | Filtrado
310,Filtrado,none,Abierto | Filtrado
311,Filtrado,none,Abierto | Filtrado
312,Filtrado,none,Abierto | Filtrado
313,Filtrado,none,Abierto | Filtrado
314,Filtrado,none,Abierto | Filtrado
315,Filtrado,none,Abierto | Filtrado
316,Filtrado,none,Abierto | Filtrado
317,Filtrado,none,Abierto | Filtrado
318,Filtrado,none,Abierto | Filtrado
319,Filtrado,none,Abierto | Filtrado
320,Filtrado,none,Abierto | Filtrado
321,Filtrado,none,Abierto | Filtrado
322,Filtrado,none,Abierto | Filtrado
323,Filtrado,none,Abierto | Filtrado
324,Filtrado,none,Abierto | Filtrado
325,Filtrado,none,Abierto | Filtrado
326,Filtrado,none,Abierto | Filtrado
327,Filtrado,none,Abierto | Filtrado
328,Filtrado,none,Abierto | Filtrado
329,Filtrado,none,Abierto | Filtrado
330,Filtrado,none,Abierto | Filtrado
331,Filtrado,none,Abierto | Filtrado
332,Filtrado,none,Abierto | Filtrado
333,Filtrado,none,Abierto | Filtrado
334,Filtrado,none,Abierto | Filtrado
335,Filtrado,none,Abierto | Filtrado
336,Filtrado,none,Abierto | Filtrado
337,Filtrado,none,Abierto | Filtrado
338,Filtrado,none,Abierto | Filtrado
339,Filtrado,none,Abierto | Filtrado
340,Filtrado,none,Abierto | Filtrado
341,Filtrado,none,Abierto | Filtrado
342,Filtrado,none,Abierto | Filtrado
343,Filtrado,none,Abierto | Filtrado
344,Filtrado,none,Abierto | Filtrado
345,Filtrado,none,Abierto | Filtrado
346,Filtrado,none,Abierto | Filtrado
347,Filtrado,none,Abierto | Filtrado
348,Filtrado,none,Abierto | Filtrado
349,Filtrado,none,Abierto | Filtrado
350,Filtrado,none,Abierto | Filtrado
351,Filtrado,none,Abierto | Filtrado
352,Filtrado,none,Abierto | Filtrado
353,Filtrado,none,Abierto | Filtrado
354,Filtrado,none,Abierto | Filtrado
355,Filtrado,none,Abierto | Filtrado
356,Filtrado,none,Abierto | Filtrado
357,Filtrado,none,Abierto | Filtrado
358,Filtrado,none,Abierto | Filtrado
359,Filtrado,none,Abierto | Filtrado
360,Filtrado,none,Abierto | Filtrado
361,Filtrado,none,Abierto | Filtrado
362,Filtrado,none,Abierto | Filtrado
363,Filtrado,none,Abierto | Filtrado
364,Filtrado,none,Abierto | Filtrado
365,Filtrado,none,Abierto | Filtrado
366,Filtrado,none,Abierto | Filtrado
367,Filtrado,none,Abierto | Filtrado
368,Filtrado,none,Abierto | Filtrado
369,Filtrado,none,Abierto | Filtrado
370,Filtrado,none,Abierto | Filtrado
371,Filtrado,none,Abierto | Filtrado
372,Filtrado,none,Abierto | Filtrado
373,Filtrado,none,Abierto | Filtrado
374,Filtrado,none,Abierto | Filtrado
375,Filtrado,none,Abierto | Filtrado
376,Filtrado,none,Abierto | Filtrado
377,Filtrado,none,Abierto | Filtrado
378,Filtrado,none,Abierto | Filtrado
379,Filtrado,none,Abierto | Filtrado
380,Filtrado,none,Abierto | Filtrado
381,Filtrado,none,Abierto | Filtrado
382,Filtrado,none,Abierto | Filtrado
383,Filtrado,none,Abierto | Filtrado
384,Filtrado,none,Abierto | Filtrado
385,Filtrado,none,Abierto | Filtrado
386,Filtrado,none,Abierto | Filtrado
387,Filtrado,none,Abierto | Filtrado
388,Filtrado,none,Abierto | Filtrado
389,Filtrado,none,Abierto | Filtrado
390,Filtrado,none,Abierto | Filtrado
391,Filtrado,none,Abierto | Filtrado
392,Filtrado,none,Abierto | Filtrado
393,Filtrado,none,Abierto | Filtrado
394,Filtrado,none,Abierto | Filtrado
395,Filtrado,none,Abierto | Filtrado
396,Filtrado,none,Abierto | Filtrado
397,Filtrado,none,Abierto | Filtrado
398,Filtrado,none,Abierto | Filtrado
399,Filtrado,none,Abierto | Filtrado
400,Filtrado,none,Abierto | Filtrado
401,Filtrado,none,Abierto | Filtrado
402,Filtrado,none,Abierto | Filtrado
403,Filtrado,none,Abierto | Filtrado
404,Filtrado,none,Abierto | Filtrado
405,Filtrado,none,Abierto | Filtrado
406,Filtrado,none,Abierto | Filtrado
407,Filtrado,none,Abierto | Filtrado
408,Filtrado,none,Abierto | Filtrado
409,Filtrado,none,Abierto | Filtrado
410,Filtrado,none,Abierto | Filtrado
411,Filtrado,none,Abierto | Filtrado
412,Filtrado,none,Abierto | Filtrado
413,Filtrado,none,Abierto | Filtrado
414,Filtrado,none,Abierto | Filtrado
415,Filtrado,none,Abierto | Filtrado
416,Filtrado,none,Abierto | Filtrado
417,Filtrado,none,Abierto | Filtrado
418,Filtrado,none,Abierto | Filtrado
419,Filtrado,none,Abierto | Filtrado
420,Filtrado,none,Abierto | Filtrado
421,Filtrado,none,Abierto | Filtrado
422,Filtrado,none,Abierto | Filtrado
423,Filtrado,none,Abierto | Filtrado
424,Filtrado,none,Abierto | Filtrado
425,Filtrado,none,Abierto | Filtrado
426,Filtrado,none,Abierto | Filtrado
427,Filtrado,none,Abierto | Filtrado
428,Filtrado,none,Abierto | Filtrado
429,Filtrado,none,Abierto | Filtrado
430,Filtrado,none,Abierto | Filtrado
431,Filtrado,none,Abierto | Filtrado
432,Filtrado,none,Abierto | Filtrado
433,Filtrado,none,Abierto | Filtrado
434,Filtrado,none,Abierto | Filtrado
435,Filtrado,none,Abierto | Filtrado
436,Filtrado,none,Abierto | Filtrado
437,Filtrado,none,Abierto | Filtrado
438,Filtrado,none,Abierto | Filtrado
439,Filtrado,none,Abierto | Filtrado
440,Filtrado,none,Abierto | Filtrado
441,Filtrado,none,Abierto | Filtrado
442,Filtrado,none,Abierto | Filtrado
443,Filtrado,none,Abierto | Filtrado
444,Filtrado,none,Abierto | Filtrado
445,Filtrado,none,Abierto | Filtrado
446,Filtrado,none,Abierto | Filtrado
447,Filtrado,none,Abierto | Filtrado
448,Filtrado,none,Abierto | Filtrado
449,Filtrado,none,Abierto | Filtrado
450,Filtrado,none,Abierto | Filtrado
451,Filtrado,none,Abierto | Filtrado
452,Filtrado,none,Abierto | Filtrado
453,Filtrado,none,Abierto | Filtrado
454,Filtrado,none,Abierto | Filtrado
455,Filtrado,none,Abierto | Filtrado
456,Filtrado,none,Abierto | Filtrado
457,Filtrado,none,Abierto | Filtrado
458,Filtrado,none,Abierto | Filtrado
459,Filtrado,none,Abierto | Filtrado
460,Filtrado,none,Abierto | Filtrado
461,Filtrado,none,Abierto | Filtrado
462,Filtrado,none,Abierto | Filtrado
463,Filtrado,none,Abierto | Filtrado
464,Filtrado,none,Abierto | Filtrado
465,Filtrado,none,Abierto | Filtrado
466,Filtrado,none,Abierto | Filtrado
467,Filtrado,none,Abierto | Filtrado
468,Filtrado,none,Abierto | Filtrado
469,Filtrado,none,Abierto | Filtrado
470,Filtrado,none,Abierto | Filtrado
471,Filtrado,none,Abierto | Filtrado
472,Filtrado,none,Abierto | Filtrado
473,Filtrado,none,Abierto | Filtrado
474,Filtrado,none,Abierto | Filtrado
475,Filtrado,none,Abierto | Filtrado
476,Filtrado,none,Abierto | Filtrado
477,Filtrado,none,Abierto | Filtrado
478,Filtrado,none,Abierto | Filtrado
479,Filtrado,none,Abierto | Filtrado
480,Filtrado,none,Abierto | Filtrado
481,Filtrado,none,Abierto | Filtrado
482,Filtrado,none,Abierto | Filtrado
483,Filtrado,none,Abierto | Filtrado
484,Filtrado,none,Abierto | Filtrado
485,Filtrado,none,Abierto | Filtrado
486,Filtrado,none,Abierto | Filtrado
487,Filtrado,none,Abierto | Filtrado
488,Filtrado,none,Abierto | Filtrado
489,Filtrado,none,Abierto | Filtrado
490,Filtrado,none,Abierto | Filtrado
491,Filtrado,none,Abierto | Filtrado
492,Filtrado,none,Abierto | Filtrado
493,Filtrado,none,Abierto | Filtrado
494,Filtrado,none,Abierto | Filtrado
495,Filtrado,none,Abierto | Filtrado
496,Filtrado,none,Abierto | Filtrado
497,Filtrado,none,Abierto | Filtrado
498,Filtrado,none,Abierto | Filtrado
499,Filtrado,none,Abierto | Filtrado
500,Filtrado,none,Abierto | Filtrado
501,Filtrado,none,Abierto | Filtrado
502,Filtrado,none,Abierto | Filtrado
503,Filtrado,none,Abierto | Filtrado
504,Filtrado,none,Abierto | Filtrado
505,Filtrado,none,Abierto | Filtrado
506,Filtrado,none,Abierto | Filtrado
507,Filtrado,none,Abierto | Filtrado
508,Filtrado,none,Abierto | Filtrado
509,Filtrado,none,Abierto | Filtrado
510,Filtrado,none,Abierto | Filtrado
511,Filtrado,none,Abierto | Filtrado
512,Filtrado,none,Abierto | Filtrado
513,Filtrado,none,Abierto | Filtrado
514,Filtrado,none,Abierto | Filtrado
515,Filtrado,none,Abierto | Filtrado
516,Filtrado,none,Abierto | Filtrado
517,Filtrado,none,Abierto | Filtrado
518,Filtrado,none,Abierto | Filtrado
519,Filtrado,none,Abierto | Filtrado
520,Filtrado,none,Abierto | Filtrado
521,Filtrado,none,Abierto | Filtrado
522,Filtrado,none,Abierto | Filtrado
523,Filtrado,none,Abierto | Filtrado
524,Filtrado,none,Abierto | Filtrado
525,Filtrado,none,Abierto | Filtrado
526,Filtrado,none,Abierto | Filtrado
527,Filtrado,none,Abierto | Filtrado
528,Filtrado,none,Abierto | Filtrado
529,Filtrado,none,Abierto | Filtrado
530,Filtrado,none,Abierto | Filtrado
531,Filtrado,none,Abierto | Filtrado
532,Filtrado,none,Abierto | Filtrado
533,Filtrado,none,Abierto | Filtrado
534,Filtrado,none,Abierto | Filtrado
535,Filtrado,none,Abierto | Filtrado
536,Filtrado,none,Abierto | Filtrado
537,Filtrado,none,Abierto | Filtrado
538,Filtrado,none,Abierto | Filtrado
539,Filtrado,none,Abierto | Filtrado
540,Filtrado,none,Abierto | Filtrado
541,Filtrado,none,Abierto | Filtrado
542,Filtrado,none,Abierto | Filtrado
543,Filtrado,none,Abierto | Filtrado
544,Filtrado,none,Abierto | Filtrado
545,Filtrado,none,Abierto | Filtrado
546,Filtrado,none,Abierto | Filtrado
547,Filtrado,none,Abierto | Filtrado
548,Filtrado,none,Abierto | Filtrado
549,Filtrado,none,Abierto | Filtrado
550,Filtrado,none,Abierto | Filtrado
551,Filtrado,none,Abierto | Filtrado
552,Filtrado,none,Abierto | Filtrado
553,Filtrado,none,Abierto | Filtrado
554,Filtrado,none,Abierto | Filtrado
555,Filtrado,none,Abierto | Filtrado
556,Filtrado,none,Abierto | Filtrado
557,Filtrado,none,Abierto | Filtrado
558,Filtrado,none,Abierto | Filtrado
559,Filtrado,none,Abierto | Filtrado
560,Filtrado,none,Abierto | Filtrado
561,Filtrado,none,Abierto | Filtrado
562,Filtrado,none,Abierto | Filtrado
563,Filtrado,none,Abierto | Filtrado
564,Filtrado,none,Abierto | Filtrado
565,Filtrado,none,Abierto | Filtrado
566,Filtrado,none,Abierto | Filtrado
567,Filtrado,none,Abierto | Filtrado
568,Filtrado,none,Abierto | Filtrado
569,Filtrado,none,Abierto | Filtrado
570,Filtrado,none,Abierto | Filtrado
571,Filtrado,none,Abierto | Filtrado
572,Filtrado,none,Abierto | Filtrado
573,Filtrado,none,Abierto | Filtrado
574,Filtrado,none,Abierto | Filtrado
575,Filtrado,none,Abierto | Filtrado
576,Filtrado,none,Abierto | Filtrado
577,Filtrado,none,Abierto | Filtrado
578,Filtrado,none,Abierto | Filtrado
579,Filtrado,none,Abierto | Filtrado
580,Filtrado,none,Abierto | Filtrado
581,Filtrado,none,Abierto | Filtrado
582,Filtrado,none,Abierto | Filtrado
583,Filtrado,none,Abierto | Filtrado
584,Filtrado,none,Abierto | Filtrado
585,Filtrado,none,Abierto | Filtrado
586,Filtrado,none,Abierto | Filtrado
587,Filtrado,none,Abierto | Filtrado
588,Filtrado,none,Abierto | Filtrado
589,Filtrado,none,Abierto | Filtrado
590,Filtrado,none,Abierto | Filtrado
591,Filtrado,none,Abierto | Filtrado
592,Filtrado,none,Abierto | Filtrado
593,Filtrado,none,Abierto | Filtrado
594,Filtrado,none,Abierto | Filtrado
595,Filtrado,none,Abierto | Filtrado
596,Filtrado,none,Abierto | Filtrado
597,Filtrado,none,Abierto | Filtrado
598,Filtrado,none,Abierto | Filtrado
599,Filtrado,none,Abierto | Filtrado
600,Filtrado,none,Abierto | Filtrado
601,Filtrado,none,Abierto | Filtrado
602,Filtrado,none,Abierto | Filtrado
603,Filtrado,none,Abierto | Filtrado
604,Filtrado,none,Abierto | Filtrado
605,Filtrado,none,Abierto | Filtrado
606,Filtrado,none,Abierto | Filtrado
607,Filtrado,none,Abierto | Filtrado
608,Filtrado,none,Abierto | Filtrado
609,Filtrado,none,Abierto | Filtrado
610,Filtrado,none,Abierto | Filtrado
611,Filtrado,none,Abierto | Filtrado
612,Filtrado,none,Abierto | Filtrado
613,Filtrado,none,Abierto | Filtrado
614,Filtrado,none,Abierto | Filtrado
615,Filtrado,none,Abierto | Filtrado
616,Filtrado,none,Abierto | Filtrado
617,Filtrado,none,Abierto | Filtrado
618,Filtrado,none,Abierto | Filtrado
619,Filtrado,none,Abierto | Filtrado
620,Filtrado,none,Abierto | Filtrado
621,Filtrado,none,Abierto | Filtrado
622,Filtrado,none,Abierto | Filtrado
623,Filtrado,none,Abierto | Filtrado
624,Filtrado,none,Abierto | Filtrado
625,Filtrado,none,Abierto | Filtrado
626,Filtrado,none,Abierto | Filtrado
627,Filtrado,none,Abierto | Filtrado
628,Filtrado,none,Abierto | Filtrado
629,Filtrado,none,Abierto | Filtrado
630,Filtrado,none,Abierto | Filtrado
631,Filtrado,none,Abierto | Filtrado
632,Filtrado,none,Abierto | Filtrado
633,Filtrado,none,Abierto | Filtrado
634,Filtrado,none,Abierto | Filtrado
635,Filtrado,none,Abierto | Filtrado
636,Filtrado,none,Abierto | Filtrado
637,Filtrado,none,Abierto | Filtrado
638,Filtrado,none,Abierto | Filtrado
639,Filtrado,none,Abierto | Filtrado
640,Filtrado,none,Abierto | Filtrado
641,Filtrado,none,Abierto | Filtrado
642,Filtrado,none,Abierto | Filtrado
643,Filtrado,none,Abierto | Filtrado
644,Filtrado,none,Abierto | Filtrado
645,Filtrado,none,Abierto | Filtrado
646,Filtrado,none,Abierto | Filtrado
647,Filtrado,none,Abierto | Filtrado
648,Filtrado,none,Abierto | Filtrado
649,Filtrado,none,Abierto | Filtrado
650,Filtrado,none,Abierto | Filtrado
651,Filtrado,none,Abierto | Filtrado
652,Filtrado,none,Abierto | Filtrado
653,Filtrado,none,Abierto | Filtrado
654,Filtrado,none,Abierto | Filtrado
655,Filtrado,none,Abierto | Filtrado
656,Filtrado,none,Abierto | Filtrado
657,Filtrado,none,Abierto | Filtrado
658,Filtrado,none,Abierto | Filtrado
659,Filtrado,none,Abierto | Filtrado
660,Filtrado,none,Abierto | Filtrado
661,Filtrado,none,Abierto | Filtrado
662,Filtrado,none,Abierto | Filtrado
663,Filtrado,none,Abierto | Filtrado
664,Filtrado,none,Abierto | Filtrado
665,Filtrado,none,Abierto | Filtrado
666,Filtrado,none,Abierto | Filtrado
667,Filtrado,none,Abierto | Filtrado
668,Filtrado,none,Abierto | Filtrado
669,Filtrado,none,Abierto | Filtrado
670,Filtrado,none,Abierto | Filtrado
671,Filtrado,none,Abierto | Filtrado
672,Filtrado,none,Abierto | Filtrado
673,Filtrado,none,Abierto | Filtrado
674,Filtrado,none,Abierto | Filtrado
675,Filtrado,none,Abierto | Filtrado
676,Filtrado,none,Abierto | Filtrado
677,Filtrado,none,Abierto | Filtrado
678,Filtrado,none,Abierto | Filtrado
679,Filtrado,none,Abierto | Filtrado
680,Filtrado,none,Abierto | Filtrado
681,Filtrado,none,Abierto | Filtrado
682,Filtrado,none,Abierto | Filtrado
683,Filtrado,none,Abierto | Filtrado
684,Filtrado,none,Abierto | Filtrado
685,Filtrado,none,Abierto | Filtrado
686,Filtrado,none,Abierto | Filtrado
687,Filtrado,none,Abierto | Filtrado
688,Filtrado,none,Abierto | Filtrado
689,Filtrado,none,Abierto | Filtrado
690,Filtrado,none,Abierto | Filtrado
691,Filtrado,none,Abierto | Filtrado
692,Filtrado,none,Abierto | Filtrado
693,Filtrado,none,Abierto | Filtrado
694,Filtrado,none,Abierto | Filtrado
695,Filtrado,none,Abierto | Filtrado
696,Filtrado,none,Abierto | Filtrado
697,Filtrado,none,Abierto | Filtrado
698,Filtrado,none,Abierto | Filtrado
699,Filtrado,none,Abierto | Filtrado
700,Filtrado,none,Abierto | Filtrado
701,Filtrado,none,Abierto | Filtrado
702,Filtrado,none,Abierto | Filtrado
703,Filtrado,none,Abierto | Filtrado
704,Filtrado,none,Abierto | Filtrado
705,Filtrado,none,Abierto | Filtrado
706,Filtrado,none,Abierto | Filtrado
707,Filtrado,none,Abierto | Filtrado
708,Filtrado,none,Abierto | Filtrado
709,Filtrado,none,Abierto | Filtrado
710,Filtrado,none,Abierto | Filtrado
711,Filtrado,none,Abierto | Filtrado
712,Filtrado,none,Abierto | Filtrado
713,Filtrado,none,Abierto | Filtrado
714,Filtrado,none,Abierto | Filtrado
715,Filtrado,none,Abierto | Filtrado
716,Filtrado,none,Abierto | Filtrado
717,Filtrado,none,Abierto | Filtrado
718,Filtrado,none,Abierto | Filtrado
719,Filtrado,none,Abierto | Filtrado
720,Filtrado,none,Abierto | Filtrado
721,Filtrado,none,Abierto | Filtrado
722,Filtrado,none,Abierto | Filtrado
723,Filtrado,none,Abierto | Filtrado
724,Filtrado,none,Abierto | Filtrado
725,Filtrado,none,Abierto | Filtrado
726,Filtrado,none,Abierto | Filtrado
727,Filtrado,none,Abierto | Filtrado
728,Filtrado,none,Abierto | Filtrado
729,Filtrado,none,Abierto | Filtrado
730,Filtrado,none,Abierto | Filtrado
731,Filtrado,none,Abierto | Filtrado
732,Filtrado,none,Abierto | Filtrado
733,Filtrado,none,Abierto | Filtrado
734,Filtrado,none,Abierto | Filtrado
735,Filtrado,none,Abierto | Filtrado
736,Filtrado,none,Abierto | Filtrado
737,Filtrado,none,Abierto | Filtrado
738,Filtrado,none,Abierto | Filtrado
739,Filtrado,none,Abierto | Filtrado
740,Filtrado,none,Abierto | Filtrado
741,Filtrado,none,Abierto | Filtrado
742,Filtrado,none,Abierto | Filtrado
743,Filtrado,none,Abierto | Filtrado
744,Filtrado,none,Abierto | Filtrado
745,Filtrado,none,Abierto | Filtrado
746,Filtrado,none,Abierto | Filtrado
747,Filtrado,none,Abierto | Filtrado
748,Filtrado,none,Abierto | Filtrado
749,Filtrado,none,Abierto | Filtrado
750,Filtrado,none,Abierto | Filtrado
751,Filtrado,none,Abierto | Filtrado
752,Filtrado,none,Abierto | Filtrado
753,Filtrado,none,Abierto | Filtrado
754,Filtrado,none,Abierto | Filtrado
755,Filtrado,none,Abierto | Filtrado
756,Filtrado,none,Abierto | Filtrado
757,Filtrado,none,Abierto | Filtrado
758,Filtrado,none,Abierto | Filtrado
759,Filtrado,none,Abierto | Filtrado
760,Filtrado,none,Abierto | Filtrado
761,Filtrado,none,Abierto | Filtrado
762,Filtrado,none,Abierto | Filtrado
763,Filtrado,none,Abierto | Filtrado
764,Filtrado,none,Abierto | Filtrado
765,Filtrado,none,Abierto | Filtrado
766,Filtrado,none,Abierto | Filtrado
767,Filtrado,none,Abierto | Filtrado
768,Filtrado,none,Abierto | Filtrado
769,Filtrado,none,Abierto | Filtrado
770,Filtrado,none,Abierto | Filtrado
771,Filtrado,none,Abierto | Filtrado
772,Filtrado,none,Abierto | Filtrado
773,Filtrado,none,Abierto | Filtrado
774,Filtrado,none,Abierto | Filtrado
775,Filtrado,none,Abierto | Filtrado
776,Filtrado,none,Abierto | Filtrado
777,Filtrado,none,Abierto | Filtrado
778,Filtrado,none,Abierto | Filtrado
779,Filtrado,none,Abierto | Filtrado
780,Filtrado,none,Abierto | Filtrado
781,Filtrado,none,Abierto | Filtrado
782,Filtrado,none,Abierto | Filtrado
783,Filtrado,none,Abierto | Filtrado
784,Filtrado,none,Abierto | Filtrado
785,Filtrado,none,Abierto | Filtrado
786,Filtrado,none,Abierto | Filtrado
787,Filtrado,none,Abierto | Filtrado
788,Filtrado,none,Abierto | Filtrado
789,Filtrado,none,Abierto | Filtrado
790,Filtrado,none,Abierto | Filtrado
791,Filtrado,none,Abierto | Filtrado
792,Filtrado,none,Abierto | Filtrado
793,Filtrado,none,Abierto | Filtrado
794,Filtrado,none,Abierto | Filtrado
795,Filtrado,none,Abierto | Filtrado
796,Filtrado,none,Abierto | Filtrado
797,Filtrado,none,Abierto | Filtrado
798,Filtrado,none,Abierto | Filtrado
799,Filtrado,none,Abierto | Filtrado
800,Filtrado,none,Abierto | Filtrado
801,Filtrado,none,Abierto | Filtrado
802,Filtrado,none,Abierto | Filtrado
803,Filtrado,none,Abierto | Filtrado
804,Filtrado,none,Abierto | Filtrado
805,Filtrado,none,Abierto | Filtrado
806,Filtrado,none,Abierto | Filtrado
807,Filtrado,none,Abierto | Filtrado
808,Filtrado,none,Abierto | Filtrado
809,Filtrado,none,Abierto | Filtrado
810,Filtrado,none,Abierto | Filtrado
811,Filtrado,none,Abierto | Filtrado
812,Filtrado,none,Abierto | Filtrado
813,Filtrado,none,Abierto | Filtrado
814,Filtrado,none,Abierto | Filtrado
815,Filtrado,none,Abierto | Filtrado
816,Filtrado,none,Abierto | Filtrado
817,Filtrado,none,Abierto | Filtrado
818,Filtrado,none,Abierto | Filtrado
819,Filtrado,none,Abierto | Filtrado
820,Filtrado,none,Abierto | Filtrado
821,Filtrado,none,Abierto | Filtrado
822,Filtrado,none,Abierto | Filtrado
823,Filtrado,none,Abierto | Filtrado
824,Filtrado,none,Abierto | Filtrado
825,Filtrado,none,Abierto | Filtrado
826,Filtrado,none,Abierto | Filtrado
827,Filtrado,none,Abierto | Filtrado
828,Filtrado,none,Abierto | Filtrado
829,Filtrado,none,Abierto | Filtrado
830,Filtrado,none,Abierto | Filtrado
831,Filtrado,none,Abierto | Filtrado
832,Filtrado,none,Abierto | Filtrado
833,Filtrado,none,Abierto | Filtrado
834,Filtrado,none,Abierto | Filtrado
835,Filtrado,none,Abierto | Filtrado
836,Filtrado,none,Abierto | Filtrado
837,Filtrado,none,Abierto | Filtrado
838,Filtrado,none,Abierto | Filtrado
839,Filtrado,none,Abierto | Filtrado
840,Filtrado,none,Abierto | Filtrado
841,Filtrado,none,Abierto | Filtrado
842,Filtrado,none,Abierto | Filtrado
843,Filtrado,none,Abierto | Filtrado
844,Filtrado,none,Abierto | Filtrado
845,Filtrado,none,Abierto | Filtrado
846,Filtrado,none,Abierto | Filtrado
847,Filtrado,none,Abierto | Filtrado
848,Filtrado,none,Abierto | Filtrado
849,Filtrado,none,Abierto | Filtrado
850,Filtrado,none,Abierto | Filtrado
851,Filtrado,none,Abierto | Filtrado
852,Filtrado,none,Abierto | Filtrado
853,Filtrado,none,Abierto | Filtrado
854,Filtrado,none,Abierto | Filtrado
855,Filtrado,none,Abierto | Filtrado
856,Filtrado,none,Abierto | Filtrado
857,Filtrado,none,Abierto | Filtrado
858,Filtrado,none,Abierto | Filtrado
859,Filtrado,none,Abierto | Filtrado
860,Filtrado,none,Abierto | Filtrado
861,Filtrado,none,Abierto | Filtrado
862,Filtrado,none,Abierto | Filtrado
863,Filtrado,none,Abierto | Filtrado
864,Filtrado,none,Abierto | Filtrado
865,Filtrado,none,Abierto | Filtrado
866,Filtrado,none,Abierto | Filtrado
867,Filtrado,none,Abierto | Filtrado
868,Filtrado,none,Abierto | Filtrado
869,Filtrado,none,Abierto | Filtrado
870,Filtrado,none,Abierto | Filtrado
871,Filtrado,none,Abierto | Filtrado
872,Filtrado,none,Abierto | Filtrado
873,Filtrado,none,Abierto | Filtrado
874,Filtrado,none,Abierto | Filtrado
875,Filtrado,none,Abierto | Filtrado
876,Filtrado,none,Abierto | Filtrado
877,Filtrado,none,Abierto | Filtrado
878,Filtrado,none,Abierto | Filtrado
879,Filtrado,none,Abierto | Filtrado
880,Filtrado,none,Abierto | Filtrado
881,Filtrado,none,Abierto | Filtrado
882,Filtrado,none,Abierto | Filtrado
883,Filtrado,none,Abierto | Filtrado
884,Filtrado,none,Abierto | Filtrado
885,Filtrado,none,Abierto | Filtrado
886,Filtrado,none,Abierto | Filtrado
887,Filtrado,none,Abierto | Filtrado
888,Filtrado,none,Abierto | Filtrado
889,Filtrado,none,Abierto | Filtrado
890,Filtrado,none,Abierto | Filtrado
891,Filtrado,none,Abierto | Filtrado
892,Filtrado,none,Abierto | Filtrado
893,Filtrado,none,Abierto | Filtrado
894,Filtrado,none,Abierto | Filtrado
895,Filtrado,none,Abierto | Filtrado
896,Filtrado,none,Abierto | Filtrado
897,Filtrado,none,Abierto | Filtrado
898,Filtrado,none,Abierto | Filtrado
899,Filtrado,none,Abierto | Filtrado
900,Filtrado,none,Abierto | Filtrado
901,Filtrado,none,Abierto | Filtrado
902,Filtrado,none,Abierto | Filtrado
903,Filtrado,none,Abierto | Filtrado
904,Filtrado,none,Abierto | Filtrado
905,Filtrado,none,Abierto | Filtrado
906,Filtrado,none,Abierto | Filtrado
907,Filtrado,none,Abierto | Filtrado
908,Filtrado,none,Abierto | Filtrado
909,Filtrado,none,Abierto | Filtrado
910,Filtrado,none,Abierto | Filtrado
911,Filtrado,none,Abierto | Filtrado
912,Filtrado,none,Abierto | Filtrado
913,Filtrado,none,Abierto | Filtrado
914,Filtrado,none,Abierto | Filtrado
915,Filtrado,none,Abierto | Filtrado
916,Filtrado,none,Abierto | Filtrado
917,Filtrado,none,Abierto | Filtrado
918,Filtrado,none,Abierto | Filtrado
919,Filtrado,none,Abierto | Filtrado
920,Filtrado,none,Abierto | Filtrado
921,Filtrado,none,Abierto | Filtrado
922,Filtrado,none,Abierto | Filtrado
923,Filtrado,none,Abierto | Filtrado
924,Filtrado,none,Abierto | Filtrado
925,Filtrado,none,Abierto | Filtrado
926,Filtrado,none,Abierto | Filtrado
927,Filtrado,none,Abierto | Filtrado
928,Filtrado,none,Abierto | Filtrado
929,Filtrado,none,Abierto | Filtrado
930,Filtrado,none,Abierto | Filtrado
931,Filtrado,none,Abierto | Filtrado
932,Filtrado,none,Abierto | Filtrado
933,Filtrado,none,Abierto | Filtrado
934,Filtrado,none,Abierto | Filtrado
935,Filtrado,none,Abierto | Filtrado
936,Filtrado,none,Abierto | Filtrado
937,Filtrado,none,Abierto | Filtrado
938,Filtrado,none,Abierto | Filtrado
939,Filtrado,none,Abierto | Filtrado
940,Filtrado,none,Abierto | Filtrado
941,Filtrado,none,Abierto | Filtrado
942,Filtrado,none,Abierto | Filtrado
943,Filtrado,none,Abierto | Filtrado
944,Filtrado,none,Abierto | Filtrado
945,Filtrado,none,Abierto | Filtrado
946,Filtrado,none,Abierto | Filtrado
947,Filtrado,none,Abierto | Filtrado
948,Filtrado,none,Abierto | Filtrado
949,Filtrado,none,Abierto | Filtrado
950,Filtrado,none,Abierto | Filtrado
951,Filtrado,none,Abierto | Filtrado
952,Filtrado,none,Abierto | Filtrado
953,Filtrado,none,Abierto | Filtrado
954,Filtrado,none,Abierto | Filtrado
955,Filtrado,none,Abierto | Filtrado
956,Filtrado,none,Abierto | Filtrado
957,Filtrado,none,Abierto | Filtrado
958,Filtrado,none,Abierto | Filtrado
959,Filtrado,none,Abierto | Filtrado
960,Filtrado,none,Abierto | Filtrado
961,Filtrado,none,Abierto | Filtrado
962,Filtrado,none,Abierto | Filtrado
963,Filtrado,none,Abierto | Filtrado
964,Filtrado,none,Abierto | Filtrado
965,Filtrado,none,Abierto | Filtrado
966,Filtrado,none,Abierto | Filtrado
967,Filtrado,none,Abierto | Filtrado
968,Filtrado,none,Abierto | Filtrado
969,Filtrado,none,Abierto | Filtrado
970,Filtrado,none,Abierto | Filtrado
971,Filtrado,none,Abierto | Filtrado
972,Filtrado,none,Abierto | Filtrado
973,Filtrado,none,Abierto | Filtrado
974,Filtrado,none,Abierto | Filtrado
975,Filtrado,none,Abierto | Filtrado
976,Filtrado,none,Abierto | Filtrado
977,Filtrado,none,Abierto | Filtrado
978,Filtrado,none,Abierto | Filtrado
979,Filtrado,none,Abierto | Filtrado
980,Filtrado,none,Abierto | Filtrado
981,Filtrado,none,Abierto | Filtrado
982,Filtrado,none,Abierto | Filtrado
983,Filtrado,none,Abierto | Filtrado
984,Filtrado,none,Abierto | Filtrado
985,Filtrado,none,Abierto | Filtrado
986,Filtrado,none,Abierto | Filtrado
987,Filtrado,none,Abierto | Filtrado
988,Filtrado,none,Abierto | Filtrado
989,Filtrado,none,Abierto | Filtrado
990,Filtrado,none,Abierto | Filtrado
991,Filtrado,none,Abierto | Filtrado
992,Filtrado,none,Abierto | Filtrado
993,Filtrado,none,Abierto | Filtrado
994,Filtrado,none,Abierto | Filtrado
995,Filtrado,none,Abierto | Filtrado
996,Filtrado,none,Abierto | Filtrado
997,Filtrado,none,Abierto | Filtrado
998,Filtrado,none,Abierto | Filtrado
999,Filtrado,none,Abierto | Filtrado
1000,Filtrado,none,Abierto | Filtrado
1001,Filtrado,none,Abierto | Filtrado
1002,Filtrado,none,Abierto | Filtrado
1003,Filtrado,none,Abierto | Filtrado
1004,Filtrado,none,Abierto | Filtrado
1005,Filtrado,none,Abierto | Filtrado
1006,Filtrado,none,Abierto | Filtrado
1007,Filtrado,none,Abierto | Filtrado
1008,Filtrado,none,Abierto | Filtrado
1009,Filtrado,none,Abierto | Filtrado
1010,Filtrado,none,Abierto | Filtrado
1011,Filtrado,none,Abierto | Filtrado
1012,Filtrado,none,Abierto | Filtrado
1013,Filtrado,none,Abierto | Filtrado
1014,Filtrado,none,Abierto | Filtrado
1015,Filtrado,none,Abierto | Filtrado
1016,Filtrado,none,Abierto | Filtrado
1017,Filtrado,none,Abierto | Filtrado
1018,Filtrado,none,Abierto | Filtrado
1019,Filtrado,none,Abierto | Filtrado
1020,Filtrado,none,Abierto | Filtrado
1021,Filtrado,none,Abierto | Filtrado
1022,Filtrado,none,Abierto | Filtrado
1023,Filtrado,none,Abierto | Filtrado
1024,Filtrado,none,Abierto | Filtrado
